Study no.,TITLE,AUTHORS,PUBLICATION YEAR,CREATION DATE,JOURNAL NAME/CITATION,DOI,Person_1_screen,Person_2_screen,FULL TEXT SCREEN?,...11,Notes,QUESTIONS
1,A 6-month follow-up of imaginal desensitization plus motivational interviewing in the treatment of pathological gambling,"Grant JE, Donahue CB, Odlaug BL, Kim SW.",2011,,Ann Clin Psychiatry. 2011 Feb;23(1):3-10.,NA,TRUE,FALSE,TRUE,,NA,NA
2,A brief self-help toolkit intervention for gambling problems: a randomized multisite trial,"Labrie RA, Peller AJ, Laplante DA, Bernhard B, Harper A, Schrier T, Shaffer HJ.",2012,,Am J Orthopsychiatry. 2012 Apr;82(2):278-89. doi: 10.1111/j.1939-0025.2012.01157.x.,10.1111/j.1939-0025.2012.01157.x,TRUE,TRUE,TRUE,,NA,NA
3,"A double-blind, placebo-controlled trial of topiramate for pathological gambling","Berlin HA, Braun A, Simeon D, Koran LM, Potenza MN, McElroy SL, Fong T, Pallanti S, Hollander E.",2013,,World J Biol Psychiatry. 2013 Mar;14(2):121-8. doi: 10.3109/15622975.2011.560964. Epub 2011 Apr 12.,10.3109/15622975.2011.560964,TRUE,TRUE,TRUE,,NA,NA
4,A Longitudinal Study for the Empirical Validation of an Etiopathogenetic Model of Internet Addiction in Adolescence Based on Early Emotion Regulation,"Cimino S, Cerniglia L.",2018,,Biomed Res Int. 2018 Mar 7;2018:4038541. doi: 10.1155/2018/4038541. eCollection 2018.,10.1155/2018/4038541,FALSE,FALSE,FALSE,,Excluded.  3) NOT RCT,NA
5,A proof of concept study of tolcapone for pathological gambling: relationships with COMT genotype and brain activation,"Grant JE, Odlaug BL, Chamberlain SR, Hampshire A, Schreiber LR, Kim SW.",2013,,Eur Neuropsychopharmacol. 2013 Nov;23(11):1587-96. doi: 10.1016/j.euroneuro.2013.07.008. Epub 2013 Aug 6.,10.1016/j.euroneuro.2013.07.008,FALSE,TRUE,FALSE,,Excluded.  3) NOT RCT,NA
6,"A Randomised, Double-Blind, Placebo-Controlled Trial of As-Needed Naltrexone in the Treatment of Pathological Gambling","Kovanen L, Basnet S, Castrén S, Pankakoski M, Saarikoski ST, Partonen T, Alho H, Lahti T.",2016,,Eur Addict Res. 2016;22(2):70-9. doi: 10.1159/000435876. Epub 2015 Sep 5.,10.1159/000435876,TRUE,TRUE,TRUE,,NA,NA
7,A randomized controlled trial of a personalized feedback intervention for problem gamblers,"Cunningham JA, Hodgins DC, Toneatto T, Murphy M.",2012,,PLoS One. 2012;7(2):e31586. doi: 10.1371/journal.pone.0031586. Epub 2012 Feb 14.,10.1371/journal.pone.0031586,TRUE,TRUE,TRUE,,NA,NA
8,A randomized controlled trial of brief interventions for problem gambling in substance abuse treatment patients,"Petry NM, Rash CJ, Alessi SM.",2016,,J Consult Clin Psychol. 2016 Oct;84(10):874-86. doi: 10.1037/ccp0000127. Epub 2016 Jul 11.,10.1037/ccp0000127,TRUE,TRUE,TRUE,,NA,NA
9,"A randomized, placebo-controlled trial of N-acetylcysteine plus imaginal desensitization for nicotine-dependent pathological gamblers","Grant JE, Odlaug BL, Chamberlain SR, Potenza MN, Schreiber LR, Donahue CB, Kim SW.",2014,,J Clin Psychiatry. 2014 Jan;75(1):39-45. doi: 10.4088/JCP.13m08411.,10.4088/JCP.13m08411,TRUE,TRUE,TRUE,,NA,NA
10,A single-blind study of 'as-needed' ecopipam for gambling disorder,"Grant JE, Odlaug BL, Black DW, Fong T, Davtian M, Chipkin R, Kim SW.",2014,,Ann Clin Psychiatry. 2014 Aug;26(3):179-86.,NA,FALSE,TRUE,TRUE,,Excluded.  3) NOT RCT,NA
11,Abnormal modulation of reward versus punishment learning by a dopamine D2-receptor antagonist in pathological gamblers,"Janssen LK, Sescousse G, Hashemi MM, Timmer MH, ter Huurne NP, Geurts DE, Cools R.",2015,,Psychopharmacology (Berl). 2015 Sep;232(18):3345-53. doi: 10.1007/s00213-015-3986-y. Epub 2015 Jun 20.,10.1007/s00213-015-3986-y,FALSE,FALSE,FALSE,,Excluded.  3) NOT RCT,NA
12,Abrupt nicotine reduction as an endgame policy: a randomised trial,"Walker N, Fraser T, Howe C, Laugesen M, Truman P, Parag V, Glover M, Bullen C.",2015,,Tob Control. 2015 Dec;24(e4):e251-7. doi: 10.1136/tobaccocontrol-2014-051801. Epub 2014 Nov 14.,10.1136/tobaccocontrol-2014-051801,FALSE,FALSE,FALSE,,NA,NA
13,Addictive internet use among Korean adolescents: a national survey,"Heo J, Oh J, Subramanian SV, Kim Y, Kawachi I.",2014,,PLoS One. 2014 Feb 5;9(2):e87819. doi: 10.1371/journal.pone.0087819. eCollection 2014.,10.1371/journal.pone.0087819,FALSE,FALSE,FALSE,,NA,NA
14,Adolescent Internet Abuse: A Study on the Role of Attachment to Parents and Peers in a Large Community Sample,"Ballarotto G, Volpi B, Marzilli E, Tambelli R.",2018,,Biomed Res Int. 2018 Mar 8;2018:5769250. doi: 10.1155/2018/5769250. eCollection 2018.,10.1155/2018/5769250,FALSE,FALSE,FALSE,,NA,NA
15,"Adult separation anxiety and TCI-R personality dimensions in patients with anxiety, alcohol use, and gambling: a preliminary report","Pozzi G, Bruschi A, De Angelis A, Pascucci M, Hatzigiakoumis DS, Grandinetti P, Di Nicola M, Pini S, Janiri L.",2014,,Biomed Res Int. 2014;2014:680985. doi: 10.1155/2014/680985. Epub 2014 Jul 3.,10.1155/2014/680985,FALSE,FALSE,FALSE,,NA,NA
16,Altered neural correlates of reward and loss processing during simulated slot-machine fMRI in pathological gambling and cocaine dependence,"Worhunsky PD, Malison RT, Rogers RD, Potenza MN.",2014,,Drug Alcohol Depend. 2014 Dec 1;145:77-86. doi: 10.1016/j.drugalcdep.2014.09.013. Epub 2014 Nov 4.,10.1016/j.drugalcdep.2014.09.013,FALSE,FALSE,FALSE,,NA,NA
17,Altered paralimbic interaction in behavioral addiction,"Rømer Thomsen K, Joensson M, Lou HC, Møller A, Gross J, Kringelbach ML, Changeux JP.",2013,,Proc Natl Acad Sci U S A. 2013 Mar 19;110(12):4744-9. doi: 10.1073/pnas.1302374110. Epub 2013 Mar 4.,10.1073/pnas.1302374110,FALSE,FALSE,FALSE,,NA,NA
18,An 8-week stress management program in pathological gamblers: a pilot randomized controlled trial,"Linardatou C, Parios A, Varvogli L, Chrousos G, Darviri C.",2014,,J Psychiatr Res. 2014 Sep;56:137-43. doi: 10.1016/j.jpsychires.2014.05.013. Epub 2014 May 27.,10.1016/j.jpsychires.2014.05.013,TRUE,TRUE,TRUE,,NA,NA
19,An open-label trial of acamprosate in the treatment of pathological gambling,"Black DW, McNeilly DP, Burke WJ, Shaw MC, Allen J.",2011,,Ann Clin Psychiatry. 2011 Nov;23(4):250-6.,NA,FALSE,FALSE,FALSE,,NA,NA
20,Assessment of problematic internet use by the Compulsive Internet Use Scale and the Internet Addiction Test: a sample of problematic and pathological gamblers,"Guertler D, Rumpf HJ, Bischof A, Kastirke N, Petersen KU, John U, Meyer C.",2014,,Eur Addict Res. 2014;20(2):75-81. doi: 10.1159/000355076. Epub 2013 Sep 27.,10.1159/000355076,FALSE,FALSE,FALSE,,NA,NA
21,"Both active and sham low-frequency rTMS single sessions over the right DLPFC decrease cue-induced cravings among pathological gamblers seeking treatment: A randomized, double-blind, sham-controlled crossover trial","Sauvaget A, Bulteau S, Guilleux A, Leboucher J, Pichot A, Valrivière P, Vanelle JM, Sébille-Rivain V, Grall-Bronnec M.",2018,,J Behav Addict. 2018 Mar 1;7(1):126-136. doi: 10.1556/2006.7.2018.14. Epub 2018 Feb 21.,10.1556/2006.7.2018.14,TRUE,TRUE,TRUE,,NA,NA
22,Breaks in Play: Do They Achieve Intended Aims?,"Blaszczynski A, Cowley E, Anthony C, Hinsley K.",2016,,J Gambl Stud. 2016 Jun;32(2):789-800. doi: 10.1007/s10899-015-9565-7.,10.1007/s10899-015-9565-7,TRUE,TRUE,TRUE,,NA,NA
23,Brief telephone interventions for problem gambling: a randomized controlled trial,"Abbott M, Hodgins DC, Bellringer M, Vandal AC, Palmer Du Preez K, Landon J, Sullivan S, Rodda S, Feigin V.",2018,,Addiction. 2018 May;113(5):883-895. doi: 10.1111/add.14149. Epub 2018 Feb 14.,10.1111/add.14149,TRUE,FALSE,TRUE,,NA,NA
24,Bupropion in the treatment of problematic online game play in patients with major depressive disorder,"Han DH, Renshaw PF.",2012,,J Psychopharmacol. 2012 May;26(5):689-96. doi: 10.1177/0269881111400647. Epub 2011 Mar 29.,10.1177/0269881111400647,TRUE,TRUE,TRUE,,NA,NA
25,"Clinical, Psychopathological, and Personality Characteristics Associated with ADHD among Individuals Seeking Treatment for Gambling Disorder","Aymamí N, Jiménez-Murcia S, Granero R, Ramos-Quiroga JA, Fernández-Aranda F, Claes L, Sauvaget A, Grall-Bronnec M, Gómez-Peña M, Savvidou LG, Fagundo AB, del Pino-Gutierrez A, Moragas L, Casas M, Penelo E, Menchón JM.",2015,,Biomed Res Int. 2015;2015:965303. doi: 10.1155/2015/965303. Epub 2015 Jul 1.,10.1155/2015/965303,FALSE,FALSE,FALSE,,NA,NA
26,Cognitive Behavioural Group Therapy for Problem Gamblers who Gamble over the Internet: A Controlled Study,Harris,2016,,"Harris, & Mazmanian, Dwight. (2015). Cognitive Behavioural Group Therapy for Problem Gamblers who Gamble over the Internet: A Controlled Study. Journal of Gambling Issues. 33. 10.4309/jgi.2016.33.10.",10.4309/jgi.2016.33.10,TRUE,TRUE,TRUE,,NA,NA
27,Cognitive bias modification in problem and pathological gambling using a web-based approach-avoidance task: A pilot trial,"Wittekind CE, Bierbrodt J, Lüdecke D, Feist A, Hand I, Moritz S.",2019,,Psychiatry Res. 2019 Feb;272:171-181. doi: 10.1016/j.psychres.2018.12.075. Epub 2018 Dec 14.,10.1016/j.psychres.2018.12.075,TRUE,TRUE,TRUE,,NA,NA
28,Cognitive versus exposure therapy for problem gambling: Randomised controlled trial,"Smith DP, Battersby MW, Harvey PW, Pols RG, Ladouceur R.",2015,,Behav Res Ther. 2015 Jun;69:100-10. doi: 10.1016/j.brat.2015.04.008. Epub 2015 Apr 14.,10.1016/j.brat.2015.04.008,TRUE,TRUE,TRUE,,NA,NA
29,Cognitive-behavioral therapy for pathological gambling in Parkinson's disease: a pilot controlled study,"Jiménez-Murcia S, Bove FI, Israel M, Steiger H, Fernández-Aranda F, Alvarez-Moya E, Granero R, Penelo E, Vergé B, Aymamí MN, Santamaría JJ, Gómez-Peña M, Moragas L, Savvidou LG, Menchón JM.",2012,,Eur Addict Res. 2012;18(6):265-74. doi: 10.1159/000337442. Epub 2012 Jul 3.,10.1159/000337442,TRUE,TRUE,TRUE,,NA,NA
30,Cognitive-behavioural treatment of pathological gambling in individuals with chronic schizophrenia: a pilot study,"Echeburúa E, Gómez M, Freixa M.",2011,,Behav Res Ther. 2011 Nov;49(11):808-14. doi: 10.1016/j.brat.2011.08.009. Epub 2011 Sep 7.,10.1016/j.brat.2011.08.009,FALSE,FALSE,TRUE,,NA,NA
31,Compounded effect of early adolescence depressive symptoms and impulsivity on late adolescence gambling: a longitudinal study,"Lee GP, Storr CL, Ialongo NS, Martins SS.",2011,,J Adolesc Health. 2011 Feb;48(2):164-9. doi: 10.1016/j.jadohealth.2010.06.002.,10.1016/j.jadohealth.2010.06.002,FALSE,FALSE,FALSE,,NA,NA
32,Congruence Couple Therapy for Pathological Gambling: A Pilot Randomized Controlled Trial,"Lee BK, Awosoga O.",2015,,J Gambl Stud. 2015 Sep;31(3):1047-68. doi: 10.1007/s10899-014-9464-3.,10.1007/s10899-014-9464-3,TRUE,TRUE,TRUE,,NA,NA
33,Developing a Best Practices Guide for the Prevention of Problem Gambling Among Older Adults,"Turner, Nigel & Wiebe, Jamie & Ferentzy, Peter & Kauffman, Nadine & Zaheer, Salaha & Quosai, Trudy & Sztainert, Travis & Murray, Robert & Hamilton, Hayley & Sanchez, Sherald & Matheson, Flora & McCready, John & Mann, Robert.",2018,,"Turner, Nigel & Wiebe, Jamie & Ferentzy, Peter & Kauffman, Nadine & Zaheer, Salaha & Quosai, Trudy & Sztainert, Travis & Murray, Robert & Hamilton, Hayley & Sanchez, Sherald & Matheson, Flora & McCready, John & Mann, Robert. (2018). Developing a Best Practices Guide for the Prevention of Problem Gambling Among Older Adults. Journal of Gambling Issues. 2018. 10.4309/jgi.2018.39.5.",10.4309/jgi.2018.39.5,FALSE,FALSE,FALSE,,NA,NA
34,Development and validation of the gambling problems scale,"Steenbergh, Timothy & Meyers, AW & May, RK & Whelan, James",2015,,"Steenbergh, Timothy & Meyers, AW & May, RK & Whelan, James. (2002). Development and validation of the Gamblers' Beliefs Questionnaire. Psychology of Addictive Behaviors. 16. 143-149. 10.1037//0893-164X.16.2.143.",10.4309/jgi.2015.30.5,FALSE,FALSE,FALSE,,NA,NA
35,Diminished aversive classical conditioning in pathological gamblers,"Brunborg GS, Johnsen BH, Mentzoni RA, Myrseth H, Molde H, Lorvik IM, Bu ET, Pallesen S.",2012,,Addiction. 2012 Sep;107(9):1660-6. doi: 10.1111/j.1360-0443.2012.03891.x. Epub 2012 May 8.,10.1111/j.1360-0443.2012.03891.x,TRUE,TRUE,TRUE,,NA,NA
36,Discounting of probabilistic rewards is associated with gambling abstinence in treatment-seeking pathological gamblers,Petry NM.,2012,,J Abnorm Psychol. 2012 Feb;121(1):151-9. doi: 10.1037/a0024782. Epub 2011 Aug 15.,10.1037/a0024782,TRUE,TRUE,TRUE,,NA,NA
37,Dopamine agonists and risk: impulse control disorders in Parkinson's disease,"Voon V, Gao J, Brezing C, Symmonds M, Ekanayake V, Fernandez H, Dolan RJ, Hallett M.",2011,,Brain. 2011 May;134(Pt 5):1438-46. doi: 10.1093/brain/awr080.,10.1093/brain/awr080,FALSE,FALSE,FALSE,,NA,NA
38,Dopamine D3 receptor-preferring agonist enhances the subjective effects of cocaine in humans,"Newton TF, Haile CN, Mahoney JJ 3rd, Shah R, Verrico CD, De La Garza R 2nd, Kosten TR.",2015,,Psychiatry Res. 2015 Nov 30;230(1):44-9. doi: 10.1016/j.psychres.2015.07.073. Epub 2015 Jul 29.,10.1016/j.psychres.2015.07.073,FALSE,FALSE,FALSE,,NA,NA
39,Dopamine modulates risk-taking as a function of baseline sensation-seeking trait,"Norbury A, Manohar S, Rogers RD, Husain M.",2013,,J Neurosci. 2013 Aug 7;33(32):12982-6. doi: 10.1523/JNEUROSCI.5587-12.2013.,10.1523/JNEUROSCI.5587-12.2013,FALSE,FALSE,FALSE,,NA,NA
40,"Drinking patterns of pathological gamblers before, during, and after gambling treatment","Rash CJ, Weinstock J, Petry NM.",2011,,Psychol Addict Behav. 2011 Dec;25(4):664-74. doi: 10.1037/a0025565. Epub 2011 Sep 19.,10.1037/a0025565,FALSE,FALSE,FALSE,,NA,NA
41,"Effect of Abstinence from Social Media on Time Perception: Differences between Low- and At-Risk for Social Media ""Addiction"" Groups","Turel O, R Cavagnaro D.",2019,,Psychiatr Q. 2019 Mar;90(1):217-227. doi: 10.1007/s11126-018-9614-3.,10.1007/s11126-018-9614-3,TRUE,TRUE,TRUE,,NA,NA
42,Effect of electro-acupuncture combined with psychological intervention on mental symptoms and P50 of auditory evoked potential in patients with internet addiction disorder,"Li H, Jin R, Yuan K, Zheng B, Zheng Z, Luo Y, Ye H, Huang B, Zhu T.",2017,,J Tradit Chin Med. 2017 Feb;37(1):43-8. doi: 10.1016/s0254-6272(17)30025-0.,10.1016/s0254-6272(17)30025-0,TRUE,TRUE,TRUE,,NA,NA
43,Effect of transcranial direct current stimulation on decision making and cognitive flexibility in gambling disorder,"Soyata AZ, Aksu S, Woods AJ, İşçen P, Saçar KT, Karamürsel S.",2019,,Eur Arch Psychiatry Clin Neurosci. 2019 Apr;269(3):275-284. doi: 10.1007/s00406-018-0948-5. Epub 2018 Oct 26.,10.1007/s00406-018-0948-5,TRUE,TRUE,TRUE,,NA,NA
44,Effectiveness of a Self Help Cognitive Behavioural Treatment Program for Problem Gamblers: A Randomised Controlled Trial,"Oei TPS, Raylu N, Lai WW.",2018,,J Gambl Stud. 2018 Jun;34(2):581-595. doi: 10.1007/s10899-017-9723-1.,10.1007/s10899-017-9723-1,TRUE,TRUE,TRUE,,NA,NA
45,Effectiveness of atomoxetine and methylphenidate for problematic online gaming in adolescents with attention deficit hyperactivity disorder,"Park JH, Lee YS, Sohn JH, Han DH.",2016,,Hum Psychopharmacol. 2016 Nov;31(6):427-432. doi: 10.1002/hup.2559.,10.1002/hup.2559,TRUE,TRUE,TRUE,,NA,NA
46,Effectiveness of At-Risk Gamblers' Temporary Self-Exclusion from Internet Gambling Sites,"Caillon J, Grall-Bronnec M, Perrot B, Leboucher J, Donnio Y, Romo L, Challet-Bouju G.",2019,,J Gambl Stud. 2019 Jun;35(2):601-615. doi: 10.1007/s10899-018-9782-y.,10.1007/s10899-018-9782-y,TRUE,TRUE,TRUE,,NA,NA
47,Effectiveness of problem gambling interventions in a service setting: a protocol for a pragmatic randomised controlled clinical trial,"Abbott M, Bellringer M, Vandal AC, Hodgins DC, Battersby M, Rodda SN.",2017,,BMJ Open. 2017 Mar 2;7(3):e013490. doi: 10.1136/bmjopen-2016-013490.,10.1136/bmjopen-2016-013490,TRUE,TRUE,TRUE,,NA,NA
48,Effects of a brief school-based media literacy intervention on digital media use in adolescents: cluster randomized controlled trial,"Walther B, Hanewinkel R, Morgenstern M.",2014,,Cyberpsychol Behav Soc Netw. 2014 Sep;17(9):616-23. doi: 10.1089/cyber.2014.0173. Epub 2014 Aug 15.,10.1089/cyber.2014.0173,TRUE,TRUE,TRUE,,NA,NA
49,Effects of a depression-focused internet intervention in slot machine gamblers: A randomized controlled trial,"Bücker L, Bierbrodt J, Hand I, Wittekind C, Moritz S.",2018,,PLoS One. 2018 Jun 8;13(6):e0198859. doi: 10.1371/journal.pone.0198859. eCollection 2018.,10.1371/journal.pone.0198859,TRUE,TRUE,TRUE,,NA,NA
50,Effects of a manualized short-term treatment of internet and computer game addiction (STICA): study protocol for a randomized controlled trial,"Jäger S, Müller KW, Ruckes C, Wittig T, Batra A, Musalek M, Mann K, Wölfling K, Beutel ME.",2012,,Trials. 2012 Apr 27;13:43. doi: 10.1186/1745-6215-13-43.,10.1186/1745-6215-13-43,TRUE,TRUE,TRUE,,NA,NA
51,Effects of a prevention program for internet addiction among middle school students in South Korea,"Yang SY, Kim HS.",2018,,Public Health Nurs. 2018 May;35(3):246-255. doi: 10.1111/phn.12394. Epub 2018 Feb 21.,10.1111/phn.12394,FALSE,FALSE,FALSE,,NA,NA
52,Effects of a workplace prevention programme for problem gambling: study protocol for a cluster randomised controlled trial,"Rafi J, Ivanova E, Rozental A, Carlbring P.",2017,,BMJ Open. 2017 Sep 25;7(9):e015963. doi: 10.1136/bmjopen-2017-015963.,10.1136/bmjopen-2017-015963,FALSE,TRUE,TRUE,,NA,NA
53,Effects of electroacupuncture combined psycho-intervention on cognitive function and event-related potentials P300 and mismatch negativity in patients with internet addiction,"Zhu TM, Li H, Jin RJ, Zheng Z, Luo Y, Ye H, Zhu HM.",2012,,Chin J Integr Med. 2012 Feb;18(2):146-51. doi: 10.1007/s11655-012-0990-5. Epub 2012 Feb 5.,10.1007/s11655-012-0990-5,TRUE,TRUE,TRUE,,NA,NA
54,Effects of mu opioid receptor antagonism on cognition in obese binge-eating individuals,"Chamberlain SR, Mogg K, Bradley BP, Koch A, Dodds CM, Tao WX, Maltby K, Sarai B, Napolitano A, Richards DB, Bullmore ET, Nathan PJ.",2012,,Psychopharmacology (Berl). 2012 Dec;224(4):501-9. doi: 10.1007/s00213-012-2778-x. Epub 2012 Jul 3.,10.1007/s00213-012-2778-x,FALSE,FALSE,FALSE,,NA,NA
55,Efficacy of a Self-Help Treatment for At-Risk and Pathological Gamblers,"Boudreault C, Giroux I, Jacques C, Goulet A, Simoneau H, Ladouceur R.",2018,,J Gambl Stud. 2018 Jun;34(2):561-580. doi: 10.1007/s10899-017-9717-z.,10.1007/s10899-017-9717-z,TRUE,TRUE,TRUE,,NA,NA
56,Efficacy of personalized normative feedback as a brief intervention for college student gambling: a randomized controlled trial,"Neighbors C, Rodriguez LM, Rinker DV, Gonzales RG, Agana M, Tackett JL, Foster DW.",2015,,J Consult Clin Psychol. 2015 Jun;83(3):500-11. doi: 10.1037/a0039125.,10.1037/a0039125,TRUE,TRUE,TRUE,,NA,NA
57,Electro-acupuncture treatment for internet addiction: Evidence of normalization of impulse control disorder in adolescents,"Yang Y, Li H, Chen XX, Zhang LM, Huang BJ, Zhu TM.",2017,,Chin J Integr Med. 2017 Nov;23(11):837-844. doi: 10.1007/s11655-017-2765-5. Epub 2017 Sep 1.,10.1007/s11655-017-2765-5,TRUE,TRUE,TRUE,,NA,NA
58,Evaluation of a School-Based Program for Internet Addiction of Adolescents in Turkey,"Uysal G, Balci S.",2018,,J Addict Nurs. 2018 Jan/Mar;29(1):43-49. doi: 10.1097/JAN.0000000000000211.,10.1097/JAN.0000000000000211,TRUE,TRUE,TRUE,,NA,NA
59,Evaluation of the quality of services provided by a gambling helpline: an empirical study,"Ferland, Francine & Ladouceur, Robert & Giroux, Isabelle & Savard, Cathy & Ruel, Sophie & Leclerc, Marie-Frédérique & Guimond, François.",2013,,"Ferland, Francine & Ladouceur, Robert & Giroux, Isabelle & Savard, Cathy & Ruel, Sophie & Leclerc, Marie-Frédérique & Guimond, François. (2013). Evaluation of the quality of services provided by a gambling helpline: An empirical study. Journal of Gambling Issues. 28. 1-11. 10.4309/jgi.2013.28.9.",10.4309/jgi.2013.28.9,FALSE,FALSE,FALSE,,NA,NA
60,Experiences and Perceptions of Problem Gamblers on Cognitive and Exposure Therapies When Taking Part in a Randomised Controlled Trial: A Qualitative Study,"Smith D, Pols R, Lavis T, Battersby M, Harvey P.",2016,,J Gambl Stud. 2016 Dec;32(4):1243-1260. doi: 10.1007/s10899-015-9589-z.,10.1007/s10899-015-9589-z,FALSE,FALSE,FALSE,,NA,NA
61,Exposure to Free-Play Modes in Simulated Online Gaming Increases Risk-Taking in Monetary Gambling,"Frahn T, Delfabbro P, King DL.",2015,,J Gambl Stud. 2015 Dec;31(4):1531-43. doi: 10.1007/s10899-014-9479-9.,10.1007/s10899-014-9479-9,TRUE,TRUE,TRUE,,NA,NA
62,Eye on the Prize: High-Risk Gamblers Show Sustained Selective Attention to Gambling Cues,"Hudson, A., Olatunji, B., Gough, K., Yi, S., & Stewart, S.",2016,,"Hudson, A., Olatunji, B., Gough, K., Yi, S., & Stewart, S. (2017). Eye on the Prize: High-Risk Gamblers Show Sustained Selective Attention to Gambling Cues. Journal of Gambling Issues, 34.",10.4309/jgi.2016.34.6,FALSE,FALSE,FALSE,,NA,NA
63,Factor structure and validation of the Japanese version of the Gambling Symptom Assessment Scale (GSAS-J),"Yokomitsu, Kengo & Kamimura, Eiichi.",2019,,"Yokomitsu, Kengo & Kamimura, Eiichi. (2019). Factor structure and validation of the Japanese version of the Gambling Symptom Assessment Scale (GSAS-J). Journal of Gambling Issues. 41. 10.4309/jgi.2019.41.1.",10.4309/jgi.2019.41.1,FALSE,FALSE,FALSE,,NA,NA
64,"Further evaluation of the construct, convergent and criterion validity of the Gambling Urge Scale with university-student gamblers","Ashrafioun L, Rosenberg H, Cross NA, Brian TJ.",2013,,Am J Drug Alcohol Abuse. 2013 Sep;39(5):326-31. doi: 10.3109/00952990.2013.810746. Epub 2013 Jul 9.,10.3109/00952990.2013.810746,FALSE,FALSE,FALSE,,NA,NA
65,Gambling despite financial loss-the role of losses disguised as wins in multi-line slots,"Graydon C, Dixon MJ, Stange M, Fugelsang JA.",2019,,Addiction. 2019 Jan;114(1):119-124. doi: 10.1111/add.14406. Epub 2018 Sep 6.,10.1111/add.14406,FALSE,FALSE,FALSE,,NA,NA
66,Gambling exposure in virtual reality and modification of urge to gamble,"Giroux I, Faucher-Gravel A, St-Hilaire A, Boudreault C, Jacques C, Bouchard S.",2013,,Cyberpsychol Behav Soc Netw. 2013 Mar;16(3):224-31. doi: 10.1089/cyber.2012.1573.,10.1089/cyber.2012.1573,FALSE,FALSE,FALSE,,NA,NA
67,Gambling prevention program among children,"Todirita IR, Lupu V.",2013,,J Gambl Stud. 2013 Mar;29(1):161-9. doi: 10.1007/s10899-012-9293-1.,10.1007/s10899-012-9293-1,TRUE,TRUE,TRUE,,NA,NA
68,GAMBLINGLESS: FOR LIFE study protocol: a pragmatic randomised trial of an online cognitive-behavioural programme for disordered gambling,"Merkouris SS, Rodda SN, Austin D, Lubman DI, Harvey P, Battersby M, Cunningham J, Lavis T, Smith D, Dowling NA.",2017,,BMJ Open. 2017 Feb 23;7(2):e014226. doi: 10.1136/bmjopen-2016-014226.,10.1136/bmjopen-2016-014226,FALSE,FALSE,FALSE,,NA,NA
69,Haloperidol modifies instrumental aspects of slot machine gambling in pathological gamblers and healthy controls,"Tremblay AM, Desmond RC, Poulos CX, Zack M.",2011,,Addict Biol. 2011 Jul;16(3):467-84. doi: 10.1111/j.1369-1600.2010.00208.x. Epub 2010 Mar 10.,10.1111/j.1369-1600.2010.00208.x,FALSE,FALSE,FALSE,,NA,NA
70,"How does routinely delivered cognitive-behavioural therapy for gambling disorder compare to ""gold standard"" clinical trial?","Smith DP, Fairweather-Schmidt AK, Harvey PW, Battersby MW.",2018,,Clin Psychol Psychother. 2018 Mar;25(2):302-310. doi: 10.1002/cpp.2163. Epub 2017 Dec 11.,10.1002/cpp.2163,FALSE,FALSE,FALSE,,NA,NA
71,How to measure monetary losses in gambling disorder? An evidence-based refinement,"Medeiros GC, Redden SA, Chamberlain SR, Grant JE.",2018,,Psychiatry Res. 2018 May;263:220-224. doi: 10.1016/j.psychres.2017.12.004. Epub 2017 Dec 8.,10.1016/j.psychres.2017.12.004,FALSE,FALSE,FALSE,,NA,NA
72,Impaired metacognitive capacities in individuals with problem gambling,"Brevers D, Cleeremans A, Bechara A, Greisen M, Kornreich C, Verbanck P, Noël X.",2014,,J Gambl Stud. 2014 Mar;30(1):141-52. doi: 10.1007/s10899-012-9348-3.,10.1007/s10899-012-9348-3,FALSE,FALSE,FALSE,,NA,NA
73,Impulse control disorders and depression in Finnish patients with Parkinson's disease,"Joutsa J, Martikainen K, Vahlberg T, Voon V, Kaasinen V.",2012,,Parkinsonism Relat Disord. 2012 Feb;18(2):155-60. doi: 10.1016/j.parkreldis.2011.09.007. Epub 2011 Oct 7.,10.1016/j.parkreldis.2011.09.007,FALSE,FALSE,FALSE,,NA,NA
74,Impulsive and compulsive behaviors in Parkinson's disease: a one-year follow-up study,"Ávila A, Cardona X, Martín-Baranera M, Bello J, Sastre F.",2011,,J Neurol Sci. 2011 Nov 15;310(1-2):197-201. doi: 10.1016/j.jns.2011.05.044. Epub 2011 Jun 16.,10.1016/j.jns.2011.05.044,FALSE,FALSE,FALSE,,NA,NA
75,Induced sadness increases persistence in a simulated slot machine task among recreational gamblers,"Devos G, Clark L, Maurage P, Billieux J.",2018,,Psychol Addict Behav. 2018 May;32(3):383-388. doi: 10.1037/adb0000364.,10.1037/adb0000364,FALSE,FALSE,FALSE,,NA,NA
76,Instrument Development for the FocaL Adult Gambling Screen (FLAGS-EGM): A Measurement of Risk and Problem Gambling Associated with Electronic Gambling Machines,"Schellinck, Tony & Schrans, Tracy & Schellinck, Heather & Bliemel, Michael.",2015,,"Schellinck, Tony & Schrans, Tracy & Schellinck, Heather & Bliemel, Michael. (2015). Instrument Development for the FocaL Adult Gambling Screen (FLAGS-EGM): A Measurement of Risk and Problem Gambling Associated with Electronic Gambling Machines. Journal of Gambling Issues. 30. 174-200. 10.4309/jgi.2015.30.8.",10.4309/jgi.2015.30.8,FALSE,FALSE,FALSE,,NA,NA
77,"Internet-Based Delivery of Cognitive Behaviour Therapy Compared to Monitoring, Feedback and Support for Problem Gambling: A Randomised Controlled Trial","Casey LM, Oei TPS, Raylu N, Horrigan K, Day J, Ireland M, Clough BA.",2017,,J Gambl Stud. 2017 Sep;33(3):993-1010. doi: 10.1007/s10899-016-9666-y.,10.1007/s10899-016-9666-y,FALSE,TRUE,TRUE,,NA,NA
78,Internet-based intervention for the treatment of online addiction for college students in China: a pilot study of the Healthy Online Self-helping Center,"Su W, Fang X, Miller JK, Wang Y.",2011,,Cyberpsychol Behav Soc Netw. 2011 Sep;14(9):497-503. doi: 10.1089/cyber.2010.0167. Epub 2011 Feb 5.,10.1089/cyber.2010.0167,TRUE,TRUE,TRUE,,NA,NA
79,Internet-based treatment of pathological gambling with a three-year follow-up,"Carlbring P, Degerman N, Jonsson J, Andersson G.",2012,,Cogn Behav Ther. 2012;41(4):321-34. doi: 10.1080/16506073.2012.689323. Epub 2012 May 24.,10.1080/16506073.2012.689323,FALSE,FALSE,FALSE,,NA,NA
80,Internet-delivered cognitive-behavioral therapy for significant others of treatment-refusing problem gamblers: A randomized wait-list controlled trial,"Magnusson K, Nilsson A, Andersson G, Hellner C, Carlbring P.",2019,,J Consult Clin Psychol. 2019 Sep;87(9):802-814. doi: 10.1037/ccp0000425.,10.1037/ccp0000425,TRUE,TRUE,TRUE,,NA,NA
81,Internet-delivered cognitive-behavioural therapy for concerned significant others of people with problem gambling: study protocol for a randomised wait-list controlled trial,"Magnusson K, Nilsson A, Hellner Gumpert C, Andersson G, Carlbring P.",2015,,BMJ Open. 2015 Dec 9;5(12):e008724. doi: 10.1136/bmjopen-2015-008724.,10.1136/bmjopen-2015-008724,FALSE,FALSE,FALSE,,NA,NA
82,Intranasal naloxone rapidly occupies brain mu-opioid receptors in human subjects,"Johansson J, Hirvonen J, Lovró Z, Ekblad L, Kaasinen V, Rajasilta O, Helin S, Tuisku J, Sirén S, Pennanen M, Agrawal A, Crystal R, Vainio PJ, Alho H, Scheinin M.",2019,,Neuropsychopharmacology. 2019 Aug;44(9):1667-1673. doi: 10.1038/s41386-019-0368-x. Epub 2019 Mar 13.,10.1038/s41386-019-0368-x,FALSE,FALSE,FALSE,,NA,NA
83,Long-term effectiveness of a gambling intervention program among children in central Illinois,"Ren J, Moberg K, Scuffham H, Guan D, Asche CV.",2019,,PLoS One. 2019 Feb 11;14(2):e0212087. doi: 10.1371/journal.pone.0212087. eCollection 2019.,10.1371/journal.pone.0212087,FALSE,FALSE,FALSE,,NA,NA
84,Manaaki - a cognitive behavioral therapy mobile health app to support people experiencing gambling problems: a randomized control trial protocol,"Humphrey G, Chu J, Dowling N, Rodda S, Merkouris S, Parag V, Newcombe D, Ho E, Nosa V, Ruwhui-Collins R, Whittaker R, Bullen C.",2020,,BMC Public Health. 2020 Feb 6;20(1):191. doi: 10.1186/s12889-020-8304-x.,10.1186/s12889-020-8304-x,FALSE,FALSE,FALSE,,NA,NA
85,Mindfulness-based cognitive therapy for sexuality (MBCT-S) improves sexual functioning and intimacy among older women with epilepsy: A multicenter randomized controlled trial,"Lin CY, Potenza MN, Broström A, Blycker GR, Pakpour AH.",2019,,Seizure. 2019 Dec;73:64-74. doi: 10.1016/j.seizure.2019.10.010. Epub 2019 Nov 9.,10.1016/j.seizure.2019.10.010,FALSE,FALSE,FALSE,,NA,NA
86,Modafinil increases reward salience in a slot machine game in low and high impulsivity pathological gamblers,"Smart K, Desmond RC, Poulos CX, Zack M.",2013,,Neuropharmacology. 2013 Oct;73:66-74. doi: 10.1016/j.neuropharm.2013.05.015. Epub 2013 May 24.,10.1016/j.neuropharm.2013.05.015,FALSE,FALSE,FALSE,,NA,NA
87,Moderate-Risk and Problem Slot Machine Gamblers: A Typology of Gambling-Related Cognitions,"Hahmann, T.",2016,,"Hahmann, T. (2017). Moderate-Risk and Problem Slot Machine Gamblers: A Typology of Gambling-Related Cognitions. Journal of Gambling Issues, 34.",10.4309/jgi.2016.34.8,FALSE,FALSE,FALSE,,NA,NA
88,Motivation-Matched Approach to the Treatment of Problem Gambling: A Case Series Pilot Study,"Stewart, Melissa & MacNevin, Parnell & Hodgins, David & Barrett, Sean & Swansburg, Jennifer & Stewart, Sherry.",2016,,"Stewart, Melissa & MacNevin, Parnell & Hodgins, David & Barrett, Sean & Swansburg, Jennifer & Stewart, Sherry. (2016). Motivation-Matched Approach to the Treatment of Problem Gambling: A Case Series Pilot Study. Journal of Gambling Issues. 2016. 124-147. 10.4309/jgi.2016.33.8.",10.4309/jgi.2016.33.8,FALSE,FALSE,FALSE,,NA,NA
89,Multi-family group therapy for adolescent Internet addiction: exploring the underlying mechanisms,"Liu QX, Fang XY, Yan N, Zhou ZK, Yuan XJ, Lan J, Liu CY.",2015,,Addict Behav. 2015 Mar;42:1-8. doi: 10.1016/j.addbeh.2014.10.021. Epub 2014 Oct 30.,10.1016/j.addbeh.2014.10.021,TRUE,TRUE,TRUE,,NA,NA
90,Naltrexone and Disulfiram Treatment Response in Veterans With Alcohol Dependence and Co-Occurring Problem-Gambling Features,"Grant JE, Potenza MN, Kraus SW, Petrakis IL.",2017,,J Clin Psychiatry. 2017 Nov/Dec;78(9):e1299-e1306. doi: 10.4088/JCP.16m11220.,10.4088/JCP.16m11220,FALSE,FALSE,FALSE,,NA,NA
91,Neurobiological considerations in understanding behavioral treatments for pathological gambling,"Potenza MN, Balodis IM, Franco CA, Bullock S, Xu J, Chung T, Grant JE.",2013,,Psychol Addict Behav. 2013 Jun;27(2):380-92. doi: 10.1037/a0032389. Epub 2013 Apr 15.,10.1037/a0032389,FALSE,FALSE,FALSE,,NA,NA
92,Never smile at a crocodile: betting on electronic gaming machines is intensified by reptile-induced arousal,"Rockloff MJ, Greer N.",2010,,J Gambl Stud. 2010 Dec;26(4):571-81. doi: 10.1007/s10899-009-9174-4.,10.1007/s10899-009-9174-4,TRUE,TRUE,TRUE,,NA,NA
93,Online effects of transcranial direct current stimulation on prefrontal metabolites in gambling disorder,"Dickler M, Lenglos C, Renauld E, Ferland F, Edden RA, Leblond J, Fecteau S.",2018,,Neuropharmacology. 2018 Mar 15;131:51-57. doi: 10.1016/j.neuropharm.2017.12.002. Epub 2017 Dec 5.,10.1016/j.neuropharm.2017.12.002,TRUE,TRUE,TRUE,,NA,NA
94,Online gambling's moderators: how effective? Study protocol for a randomized controlled trial,"Caillon J, Grall-Bronnec M, Hardouin JB, Venisse JL, Challet-Bouju G.",2015,,BMC Public Health. 2015 May 30;15:519. doi: 10.1186/s12889-015-1846-7.,10.1186/s12889-015-1846-7,FALSE,FALSE,FALSE,,NA,NA
95,Online interventions for problem gamblers with and without co-occurring mental health symptoms: Protocol for a randomized controlled trial,"Cunningham JA, Hodgins DC, Bennett K, Bennett A, Talevski M, Mackenzie CS, Hendershot CS.",2016,,BMC Public Health. 2016 Jul 22;16:624. doi: 10.1186/s12889-016-3291-7.,10.1186/s12889-016-3291-7,FALSE,FALSE,FALSE,,NA,NA
96,Online Self-Directed Interventions for Gambling Disorder: Randomized Controlled Trial,"Hodgins DC, Cunningham JA, Murray R, Hagopian S.",2019,,J Gambl Stud. 2019 Jun;35(2):635-651. doi: 10.1007/s10899-019-09830-7.,10.1007/s10899-019-09830-7,TRUE,TRUE,TRUE,,NA,NA
97,Orbitofrontal gray matter deficits as marker of Internet gaming disorder: converging evidence from a cross-sectional and prospective longitudinal design,"Zhou F, Montag C, Sariyska R, Lachmann B, Reuter M, Weber B, Trautner P, Kendrick KM, Markett S, Becker B.",2019,,Addict Biol. 2019 Jan;24(1):100-109. doi: 10.1111/adb.12570. Epub 2017 Oct 23.,10.1111/adb.12570,FALSE,FALSE,FALSE,,NA,NA
98,Parental monitoring trajectories and gambling among a longitudinal cohort of urban youth,"Lee GP, Stuart EA, Ialongo NS, Martins SS.",2014,,Addiction. 2014 Jun;109(6):977-85. doi: 10.1111/add.12399. Epub 2013 Dec 10.,10.1111/add.12399,FALSE,FALSE,FALSE,,NA,NA
99,Pathological gamblers respond equally well to cognitive-behavioral therapy regardless of other mental health treatment status,"Champine RB, Petry NM.",2010,,Am J Addict. 2010 Nov-Dec;19(6):550-6. doi: 10.1111/j.1521-0391.2010.00085.x. Epub 2010 Sep 21.,10.1111/j.1521-0391.2010.00085.x,FALSE,FALSE,FALSE,,NA,NA
100,Pause for thought: response perseveration and personality in gambling,"Corr PJ, Thompson SJ.",2014,,J Gambl Stud. 2014 Dec;30(4):889-900. doi: 10.1007/s10899-013-9395-4.,10.1007/s10899-013-9395-4,FALSE,FALSE,FALSE,,NA,NA
101,Pilot study of an Internet-based personalized feedback intervention for problem gamblers,"Cunningham, J. A., Hodgins, D. C., & Toneatto, T.",2011,,"Cunningham, J. A., Hodgins, D. C., & Toneatto, T. (2011). Pilot study of an Internet-based personalized feedback intervention for problem gamblers. Journal of Gambling Issues, 26, 3–10. https://doi.org/10.4309/jgi.2011.26.2",10.4309/jgi.2011.26.2,FALSE,FALSE,FALSE,,NA,NA
102,Pramipexole Modulates Interregional Connectivity Within the Sensorimotor Network,"Ye Z, Hammer A, Münte TF.",2017,,Brain Connect. 2017 May;7(4):258-263. doi: 10.1089/brain.2017.0484.,10.1089/brain.2017.0484,FALSE,TRUE,TRUE,,NA,NA
103,Pramipexole modulates the neural network of reward anticipation,"Ye Z, Hammer A, Camara E, Münte TF.",2011,,Hum Brain Mapp. 2011 May;32(5):800-11. doi: 10.1002/hbm.21067.,10.1002/hbm.21067,FALSE,TRUE,TRUE,,NA,NA
104,Predicting treatment failure in pathological gambling: the role of personality traits,"Ramos-Grille I, Gomà-i-Freixanet M, Aragay N, Valero S, Vallès V.",2015,,Addict Behav. 2015 Apr;43:54-9. doi: 10.1016/j.addbeh.2014.12.010. Epub 2014 Dec 16.,10.1016/j.addbeh.2014.12.010,FALSE,FALSE,FALSE,,NA,NA
105,Predictors of Outcome among Pathological Gamblers Receiving Cognitive Behavioral Group Therapy,"Jiménez-Murcia S, Granero R, Fernández-Aranda F, Arcelus J, Aymamí MN, Gómez-Peña M, Tárrega S, Moragas L, Del Pino-Gutiérrez A, Sauchelli S, Fagundo AB, Brewin N, Menchón JM.",2015,,Eur Addict Res. 2015;21(4):169-78. doi: 10.1159/000369528. Epub 2015 Apr 1.,10.1159/000369528,FALSE,FALSE,FALSE,,NA,NA
106,Prevention and Treatment of Problem Gambling Among Older Adults: A Scoping Review,"Matheson, F. I., Sztainert, T., Lakman, Y., Steele, S. J., Ziegler, C. P., & Ferentzy, P.",2018,,"Matheson, F. I., Sztainert, T., Lakman, Y., Steele, S. J., Ziegler, C. P., & Ferentzy, P. (2018). Prevention and treatment of problem gambling among older adults: A scoping review. Journal of Gambling Issues, 39, 6–66.",10.4309/jgi.2018.39.2,FALSE,FALSE,FALSE,,NA,NA
107,Prevention of problematic gambling behavior among adolescents: testing the efficacy of an integrative intervention,"Donati MA, Primi C, Chiesi F.",2014,,J Gambl Stud. 2014 Dec;30(4):803-18. doi: 10.1007/s10899-013-9398-1.,10.1007/s10899-013-9398-1,TRUE,TRUE,TRUE,,NA,NA
108,Reaching out to big losers: A randomized controlled trial of brief motivational contact providing gambling expenditure feedback,"Jonsson J, Hodgins DC, Munck I, Carlbring P.",2019,,Psychol Addict Behav. 2019 May;33(3):179-189. doi: 10.1037/adb0000447. Epub 2019 Mar 4.,10.1037/adb0000447,TRUE,TRUE,TRUE,,NA,NA
109,Relationship between internet addiction and alexithymia among university students,"Baysan-Arslan S, Cebeci S, Kaya M, Canbal M.",2016,,Clin Invest Med. 2016 Dec 1;39(6):27513.,NA,FALSE,FALSE,FALSE,,NA,NA
110,Response inhibition during cue reactivity in problem gamblers: an fMRI study,"van Holst RJ, van Holstein M, van den Brink W, Veltman DJ, Goudriaan AE.",2012,,PLoS One. 2012;7(3):e30909. doi: 10.1371/journal.pone.0030909. Epub 2012 Mar 30.,10.1371/journal.pone.0030909,FALSE,FALSE,FALSE,,NA,NA
111,Reward/punishment sensitivities among internet addicts: Implications for their addictive behaviors,"Dong G, Hu Y, Lin X.",2013,,Prog Neuropsychopharmacol Biol Psychiatry. 2013 Oct 1;46:139-45. doi: 10.1016/j.pnpbp.2013.07.007. Epub 2013 Jul 19.,10.1016/j.pnpbp.2013.07.007,FALSE,FALSE,FALSE,,NA,NA
112,Right inferior frontal cortex activity correlates with tolcapone responsivity in problem and pathological gamblers,"Kayser AS, Vega T, Weinstein D, Peters J, Mitchell JM.",2016,,Neuroimage Clin. 2016 Dec 20;13:339-348. doi: 10.1016/j.nicl.2016.12.022. eCollection 2017.,10.1016/j.nicl.2016.12.022,FALSE,FALSE,FALSE,,NA,NA
113,Seeking safety therapy for pathological gambling and PTSD: a pilot outcome study,"Najavits LM, Smylie D, Johnson K, Lung J, Gallop RJ, Classen CC.",2013,,J Psychoactive Drugs. 2013 Jan-Mar;45(1):10-6. doi: 10.1080/02791072.2013.763557.,10.1080/02791072.2013.763557,FALSE,FALSE,FALSE,,NA,NA
114,Serotonin function in pathological gambling: blunted growth hormone response to sumatriptan,"Pallanti S, Bernardi S, Allen A, Hollander E.",2010,,J Psychopharmacol. 2010 Dec;24(12):1802-9. doi: 10.1177/0269881109106907. Epub 2009 Oct 13.,10.1177/0269881109106907,TRUE,TRUE,TRUE,,NA,NA
115,Single-session interventions for problem gambling may be as effective as longer treatments: Results of a randomized control trial,Toneatto T.,2016,,Addict Behav. 2016 Jan;52:58-65. doi: 10.1016/j.addbeh.2015.08.006. Epub 2015 Aug 22.,10.1016/j.addbeh.2015.08.006,TRUE,TRUE,TRUE,,NA,NA
116,Study protocol: the JEU cohort study--transversal multiaxial evaluation and 5-year follow-up of a cohort of French gamblers,"Challet-Bouju G, Hardouin JB, Vénisse JL, Romo L, Valleur M, Magalon D, Fatséas M, Chéreau-Boudet I, Gorsane MA; JEU Group, Grall-Bronnec M.",2014,,BMC Psychiatry. 2014 Aug 20;14:226. doi: 10.1186/s12888-014-0226-7.,10.1186/s12888-014-0226-7,FALSE,FALSE,FALSE,,NA,NA
117,"Subtyping pathological gamblers based on impulsivity, depression, and anxiety","Ledgerwood DM, Petry NM.",2010,,Psychol Addict Behav. 2010 Dec;24(4):680-8. doi: 10.1037/a0019906.,10.1037/a0019906,FALSE,FALSE,FALSE,,NA,NA
118,Telescoping phenomenon in pathological gambling: association with gender and comorbidities,"Grant JE, Odlaug BL, Mooney ME.",2012,,J Nerv Ment Dis. 2012 Nov;200(11):996-8. doi: 10.1097/NMD.0b013e3182718a4d.,10.1097/NMD.0b013e3182718a4d,FALSE,FALSE,FALSE,,NA,NA
119,The Development of an Internet-Based Treatment for Problem Gamblers and Concerned Significant Others: A Pilot Randomized Controlled Trial,"Nilsson A, Magnusson K, Carlbring P, Andersson G, Gumpert CH.",2018,,J Gambl Stud. 2018 Jun;34(2):539-559. doi: 10.1007/s10899-017-9704-4.,10.1007/s10899-017-9704-4,TRUE,TRUE,TRUE,,NA,NA
120,The Effect of Solution-Focused Group Counseling Intervention on College Students' Internet Addiction: A Pilot Study,"Zhang X, Shi X, Xu S, Qiu J, Turel O, He Q.",2020,,Int J Environ Res Public Health. 2020 Apr 7;17(7):2519. doi: 10.3390/ijerph17072519.,10.3390/ijerph17072519,TRUE,TRUE,TRUE,,NA,NA
121,The effects of a virtual reality treatment program for online gaming addiction,"Park SY, Kim SM, Roh S, Soh MA, Lee SH, Kim H, Lee YS, Han DH.",2016,,Comput Methods Programs Biomed. 2016 Jun;129:99-108. doi: 10.1016/j.cmpb.2016.01.015. Epub 2016 Jan 22.,10.1016/j.cmpb.2016.01.015,TRUE,TRUE,TRUE,,NA,NA
122,The Efficacy of Individual Community Reinforcement and Family Training (CRAFT) for Concerned Significant Others of Problem Gamblers,"Nayoski, Nicole & Hodgins, David.",2016,,"Nayoski, Nicole & Hodgins, David. (2016). The Efficacy of Individual Community Reinforcement and Family Training (CRAFT) for Concerned Significant Others of Problem Gamblers. Journal of Gambling Issues. 33. 189-212. 10.4309/jgi.2016.33.11.",10.4309/jgi.2016.33.11,TRUE,TRUE,TRUE,,NA,NA
123,The Efficacy of Three Modalities of Internet-Based Psychotherapy for Non-Treatment-Seeking Online Problem Gamblers: A Randomized Controlled Trial,"Luquiens A, Tanguy ML, Lagadec M, Benyamina A, Aubin HJ, Reynaud M.",2016,,J Med Internet Res. 2016 Feb 15;18(2):e36. doi: 10.2196/jmir.4752.,10.2196/jmir.4752,TRUE,TRUE,TRUE,,NA,NA
124,The PROblem Gambling RESearch Study (PROGRESS) research protocol: a pragmatic randomised controlled trial of psychological interventions for problem gambling,"Thomas SA, Merkouris SS, Browning CJ, Radermacher H, Feldman S, Enticott J, Jackson AC.",2015,,BMJ Open. 2015 Nov 24;5(11):e009385. doi: 10.1136/bmjopen-2015-009385.,10.1136/bmjopen-2015-009385,FALSE,FALSE,FALSE,,NA,NA
125,"Topiramate Combined with Cognitive Restructuring for the Treatment of Gambling Disorder: A Two-Center, Randomized, Double-Blind Clinical Trial","de Brito AM, de Almeida Pinto MG, Bronstein G, Carneiro E, Faertes D, Fukugawa V, Duque A, Vasconcellos F, Tavares H.",2017,,J Gambl Stud. 2017 Mar;33(1):249-263. doi: 10.1007/s10899-016-9620-z.,10.1007/s10899-016-9620-z,TRUE,TRUE,TRUE,,NA,NA
126,"Transcranial Direct Current Stimulation Reduces Craving in Substance Use Disorders: A Double-blind, Placebo-Controlled Study","Martinotti G, Lupi M, Montemitro C, Miuli A, Di Natale C, Spano MC, Mancini V, Lorusso M, Stigliano G, Tambelli A, Di Carlo F, Di Caprio L, Fraticelli S, Chillemi E, Pettorruso M, Sepede G, di Giannantonio M.",2019,,J ECT. 2019 Sep;35(3):207-211. doi: 10.1097/YCT.0000000000000580.,10.1097/YCT.0000000000000580,FALSE,FALSE,FALSE,,NA,NA
127,"Treating gambling disorder with as needed administration of intranasal naloxone: a pilot study to evaluate acceptability, feasibility and outcomes","Castrén S, Mäkelä N, Haikola J, Salonen AH, Crystal R, Scheinin M, Alho H.",2019,,BMJ Open. 2019 Aug 21;9(8):e023728. doi: 10.1136/bmjopen-2018-023728.,10.1136/bmjopen-2018-023728,TRUE,FALSE,TRUE,,NA,NA
128,Treating Problem Gambling Samples with Cognitive Behavioural Therapy and Mindfulness-Based Interventions: A Clinical Trial,"McIntosh CC, Crino RD, O'Neill K.",2016,,J Gambl Stud. 2016 Dec;32(4):1305-1325. doi: 10.1007/s10899-016-9602-1.,10.1007/s10899-016-9602-1,TRUE,FALSE,TRUE,,NA,NA
129,Twelve-step facilitated versus mapping-enhanced cognitive-behavioral therapy for pathological gambling: a controlled study,"Marceaux JC, Melville CL.",2011,,J Gambl Stud. 2011 Mar;27(1):171-90. doi: 10.1007/s10899-010-9196-y.,10.1007/s10899-010-9196-y,TRUE,TRUE,TRUE,,NA,NA
130,Typology of online lotteries and scratch games gamblers' behaviours: A multilevel latent class cluster analysis applied to player account-based gambling data,"Perrot B, Hardouin JB, Grall-Bronnec M, Challet-Bouju G.",2018,,Int J Methods Psychiatr Res. 2018 Dec;27(4):e1746. doi: 10.1002/mpr.1746. Epub 2018 Oct 18.,10.1002/mpr.1746,FALSE,FALSE,FALSE,,NA,NA
131,Typology of patients with behavioral addictions or eating disorders during a one-year period of care: Exploring similarities of trajectory using growth mixture modeling coupled with latent class analysis,"Montourcy M, Hardouin JB, Caillon J, Leboucher J, Rousselet M, Grall-Bronnec M, Challet-Bouju G.",2018,,PLoS One. 2018 Nov 14;13(11):e0207398. doi: 10.1371/journal.pone.0207398. eCollection 2018.,10.1371/journal.pone.0207398,FALSE,FALSE,FALSE,,NA,NA
132,Using fear appeals in warning labels to promote responsible gambling among VLT players: the key role of depth of information processing,"Munoz Y, Chebat JC, Suissa JA.",2010,,J Gambl Stud. 2010 Dec;26(4):593-609. doi: 10.1007/s10899-010-9182-4.,10.1007/s10899-010-9182-4,FALSE,FALSE,FALSE,,NA,NA
133,Waking self-hypnosis efficacy in cognitive-behavioral treatment for pathological gambling: an effectiveness clinical assay,"Lloret D, Montesinos R, Capafons A.",2014,,Int J Clin Exp Hypn. 2014;62(1):50-69. doi: 10.1080/00207144.2013.841474.,10.1080/00207144.2013.841474,FALSE,TRUE,TRUE,,NA,NA
134,What makes Internet addicts continue playing online even when faced by severe negative consequences? Possible explanations from an fMRI study,"Dong G, Hu Y, Lin X, Lu Q.",2013,,Biol Psychol. 2013 Oct;94(2):282-9. doi: 10.1016/j.biopsycho.2013.07.009. Epub 2013 Aug 6.,10.1016/j.biopsycho.2013.07.009,FALSE,FALSE,FALSE,,NA,NA
remove,ANY NEW STUDIES BELOW WERE IDENTIFIED IN THE REVISED 2024 SEARCH,NA,NA,,NA,NA,NA,NA,NA,,NA,NA
1,Effectiveness of Cognitive Behavioral Therapy–Based Intervention in Preventing Gaming Disorder and Unspecified Internet Use Disorder in Adolescents: A cluster Randomised Clinical Trial,NA,NA,,NA,NA,TRUE,TRUE,TRUE,,NA,NA
2,Effects of exercise or tai chi on Internet addiction in college students and the potential role of gut microbiota: A randomized controlled trial,NA,NA,,NA,NA,TRUE,TRUE,TRUE,,NA,Internet Addiction
3,Hooked on virtual social life. Problematic social media use and associations with mental distress and addictive disorders,NA,NA,,NA,NA,TRUE,FALSE,FALSE,,NA,"a cross sectional study, and focuses on social media use"
4,Dopamine and Risky Decision-Making in Gambling Disorder,NA,NA,,NA,NA,TRUE,TRUE,TRUE,,NA,NA
5,Gaming disorder and stigma-related judgements of gaming individuals: An online randomized controlled trial,NA,NA,,NA,NA,TRUE,TRUE,TRUE,,NA,Not measuring the effectivness of an intervention or treatment
6,A Randomized Controlled Trial for Gambling Disorder and PTSD: Seeking Safety and CBT,NA,NA,,NA,NA,TRUE,TRUE,TRUE,,NA,NA
7,Behavioural modification decreases approach bias in young adult with internet gaming disorder,NA,NA,,NA,NA,FALSE,TRUE,TRUE,,NA,NA
8,Emotion regulation-enhanced group treatment for gambling disorder: A non-randomised pilot trial,NA,NA,,NA,NA,FALSE,FALSE,FALSE,,NA,NA
9,The impact of life satisfaction in the treatment of gaming disorder and other internet use disorders: results from a randomised controlled trial,NA,NA,,NA,NA,TRUE,TRUE,TRUE,,NA,**** !!!! NOT EXCLUDED - REASON: because this intervention at lease investigated whether life satisfaction can be enhanced by the proposed intervention. And then they tested whether there will be positive relationships between increases in life satisfaction and decreasing symptoms in internet use disorder patients AND whether personality traits can be a moderating variables between life satisfaction and treatment outcome.
10,Possible effect of blonanserin on gambling disorder: A clinical study protocol and a case report,NA,NA,,NA,NA,FALSE,FALSE,FALSE,,NA,A clinical study protocol and a case report
11,A randomised controlled trial on a self-guided internet-based intervention for gambling problems,NA,NA,,NA,NA,TRUE,TRUE,TRUE,,NA,NA
12,Effectivness of a web-based self-help tool to reduce problem gambling: A randomised controlled trial,NA,NA,,NA,NA,TRUE,TRUE,TRUE,,NA,NA
13,Effect of Exercise Intervention on Internet Addiction and Autonomic Nervous Function in College Students.,NA,NA,,NA,NA,TRUE,TRUE,TRUE,,NA,This article has been retracted. But still can read the full text article.
14,Web-based intervention and email-counselling for problem gamblers: Results of a randomised controlled trial,NA,NA,,NA,NA,TRUE,TRUE,TRUE,,NA,NA
15,Efficacy of a novel online integrated treatment for problem gambling and tobacco smoking: results of a randomised controlled trial,NA,NA,,NA,NA,TRUE,TRUE,TRUE,,NA,NA
16,Diverse predictors of treatment response to active medication and placebo in gambling disorder,NA,NA,,NA,NA,FALSE,FALSE,FALSE,,NA,Pooled data analysis from prevous RCTs in Gambling
17,Efficacy of a randomized controlled trial of integrative couple treatment for pathological gambling (ICT-PG): 10-month follow-up,NA,NA,,NA,NA,TRUE,TRUE,TRUE,,NA,NA
18,Intranasal as needed naloxone in the treatment of gambling disorder: A randomised controlled trial,NA,NA,,NA,NA,TRUE,TRUE,TRUE,,NA,NA
19,A randomized controlled trial to assess effectiveness of GamE- an e-Health intervention to self-manage gaming with an aim to prevent gaming disorder,NA,NA,,NA,NA,TRUE,TRUE,TRUE,,NA,NA
20,"The effect of gamification-based training on the knowledge, attitudes, and academic achievement of male adolescents in preventing substance and internet addiction",NA,NA,,NA,NA,TRUE,FALSE,FALSE,,NA,a quasi experimental (with a control group) although they say they randomised participants...; substance and internet addiction
21,Assessment of the Effectiveness of Group Cognitive Behavioural Therapy in Reducing Pathological Gambling,NA,NA,,NA,NA,TRUE,TRUE,TRUE,,NA,NA
22,"Effect of solution-focused approach on problematic internet use, health behaviors in schoolchildren",NA,NA,,NA,NA,TRUE,FALSE,FALSE,,NA,Problematic Internet Use
23,"The effect of solution-focused education and counselling on problematic internet usage, sleep quality and school achievement: A randomised controlled trial",NA,NA,,NA,NA,TRUE,FALSE,FALSE,,NA,Internet Addiction
24,A role for the right dorsolateral prefrontal cortex in enhacing regulation of both craving and negative emotions in internet gaming disorder: A randomised trial,NA,NA,,NA,NA,TRUE,TRUE,TRUE,,NA,NA
25,Congruence couple therapy for alcohol use and gambling disorders with comorbidities (Part I): Outcomes from a randomised controlled trial,NA,NA,,NA,NA,TRUE,TRUE,TRUE,,NA,NA
26,Unguided Chatbot-delivered cognitive behavioural intervention for problem gamblers through messaing app: A randomised controlled trial,NA,NA,,NA,NA,TRUE,TRUE,TRUE,,NA,NA
27,Impact of Short-Term Intensive-Type Cognitive Behavioral Therapy Intervention on Internet Addiction among Chinese College Students: A Randomized Controlled Trial,NA,NA,,NA,NA,TRUE,FALSE,FALSE,,NA,Internet Addiction
28,Congruence couple therapy for alcohol use and gambling disorders with comorbidities (Part II): Targeted area and mechanism of change.,NA,NA,,NA,NA,TRUE,TRUE,TRUE,,NA,"Correlational study, mechanism analysis - based on the results of their RCTs - hence the article title says part II"
29,Behavioral couples therapy versus cognitive behavioral therapy for problem gambling: a randomized controlled trial,NA,NA,,NA,NA,TRUE,TRUE,TRUE,,NA,NA
30,Efficacy of single-session transcranial direct current stimulation on addiction-related inhibitory control and craving: a randomized trial in males with Internet gaming disorder,NA,NA,,NA,NA,TRUE,TRUE,TRUE,,NA,NA
31,Randomized Controlled Evaluation of a Group-Based Training for Parents of Adolescents with Gaming Disorder or Social Network Use Disorder,NA,NA,,NA,NA,TRUE,TRUE,TRUE,,NA,NA
32,Mental health and behavioural problems associated with video game playing among Brazilian adolescents,NA,NA,,NA,NA,FALSE,FALSE,FALSE,,NA,This study used baseline data from a RCT from a representative sample of 8th grade students to investigate the relationship between this population and their non-problematic and problematic video use.
33,Emotional bias modification weakens game-related compulsivity and reshapes fronttostriatal pathways,NA,NA,,NA,NA,TRUE,TRUE,TRUE,,NA,NA
34,Relaxation Effect of Nature Sound Exposure on Gambling Disorder Patients: A Crossover Study,NA,NA,,NA,NA,TRUE,TRUE,TRUE,,NA,NA
35,"Diathesis stress or differntial susceptibility? Testing the relationship between stressful life events, neuroticism, and internet gaming disorder amog Chinese adolescents",NA,NA,,NA,NA,FALSE,FALSE,FALSE,,NA,"This study examined how stressful life events was associated with adolescent internet gaming disorder and tested the moderator role of neuroticism. It says that they provided valuable information for early prevention and intervention of adolesent IGD - but again this study is not testing and measuring the effectiveness of an intervention or a treatment. Then they further tested whether the interaction of stressful life events and neuroticism supported the diathesis model or the differentail susceptibility model, based on the discrepancy of prior study results."
36,Concurrent transcranial direct current stimulation and resting-state functional magnetic resonance imaging in patients with gambling disorder,NA,NA,,NA,NA,TRUE,TRUE,TRUE,,NA,NA
37,Motivational brief interventions for adolescents and young adults with internet use disorders: A randomised controlled trial,NA,NA,,NA,NA,TRUE,FALSE,FALSE,,NA,Internet Use disorder
38,Multidimensional family therapy reduced problematic gaming in adolescents: A randomised controlled trial,NA,NA,,NA,NA,TRUE,TRUE,TRUE,,NA,NA
39,Five-week of solution-focused group counselling successfully reduced interent addiction among college students: A pilot study,NA,NA,,NA,NA,TRUE,FALSE,FALSE,,NA,Internet Addiction
40,Can a motivational letter increase attendance to psychological treatment for gambling disorder?,NA,NA,,NA,NA,TRUE,TRUE,TRUE,,NA,NA
41,Guided versus unguided chatbot-delivered cognitive behavioural intervention for individuals with moderate-risk and problem gambling: A randomised controlled trial (GAMBOT2 study),NA,NA,,NA,NA,TRUE,TRUE,TRUE,,NA,NA
42,Manaaki - a cognitive behavioural therapy mobile health app to support people experiencing gambling problems: a randomised control trial protocol,NA,NA,,NA,NA,FALSE,FALSE,FALSE,,NA,Study protocol
43,Can motivational messages engage individuals at-risk for gambling disorder in an online assessment?,NA,NA,,NA,NA,FALSE,FALSE,FALSE,,NA,the study examines whether online messages based on principles of motivational interviewing could be used to encourage individuals to complete a problem gambling screener.
44,Social-networks use as adoptive or maladaptive strategy for coping with stress,NA,NA,,NA,NA,TRUE,FALSE,FALSE,,NA,"This study not assessing or measuring the effectiveness of an intervention or a treatment. Instead, it focuses on if social-network use could be highlighted as adaptive or maladaptive coping strategy compared to non-digital coping strategies. Social network use"
45,Effectivness of an early intervention program for adolesvents with internet gaming and internet use disorder: Medium-term effects of the PROJECT + Study,NA,NA,,NA,NA,TRUE,TRUE,FALSE,,NA,"To my best knowledge, this article not avalable in English. Only in German."
46,Positive illusions: The role of cognitive distortions related to gambling and temporal perspective in chasing behaviour,NA,NA,,NA,NA,FALSE,TRUE,TRUE,,NA,NA
47,"Effect of social-psychological intervention on self-efficacy, social adaptability and quality of life of internet-addiction teenagers.",NA,NA,,NA,NA,TRUE,FALSE,FALSE,,NA,Internet Addiction
48,The effect of solution-focused group counselling intervention on college students' internet addiction: A pilot study,NA,NA,,NA,NA,TRUE,FALSE,FALSE,,NA,Internet Addiction
49,"Chasing the desire: An investigation on the role of craving, time perspective, and alcohol use in adolescent gambling",NA,NA,,NA,NA,FALSE,FALSE,FALSE,,NA,"the study aim is to assess the role of craving, time perspective, gambling severity, and alcohol use in chasing behaviour."
50,Longitudinal changes in network engagement during cognitive control in cocaine use disorder,NA,NA,,NA,NA,FALSE,FALSE,FALSE,,NA,This study uses participants from prior study - examined longitudinal changes in functional network activity in a secondary analysis of 44 treatment seeking individuals with cocaine use disorder included in three prior reports.
51,"Opicapone versus placebo in the treatment of Parkinson's disease patients with end-of-dose motor function-associated pain: rationale and design of the randomised, double-blind OCEAN (OpiCapone Effect on motor fluctuations and pAiN) trial",NA,NA,,NA,NA,TRUE,FALSE,FALSE,,NA,Parkinson's disease; protocol?
52,Reaching out to big losers leads to sustained reductions in gambling over 1 year: A randomised controlled trial of brief motivational contact,NA,NA,,NA,NA,FALSE,TRUE,TRUE,,NA,NA
53,"Multiple sessions of high-frequency repetitive transcranial magnetif stimulation as a potention treatment for gambling addiction: A 3 month, feasibility study",NA,NA,,NA,NA,TRUE,FALSE,TRUE,,NA,NA
54,"Interactions of impulsivity, general executive functions, and specific inhibitory control explain symptoms of social-networks-use disorder: An experimental study",NA,NA,,NA,NA,FALSE,FALSE,FALSE,,NA,"Not measuring the effectivness of an intervention or a treatment - this study examined the roles of attention impulsivity, reduced general executive functions and diminished specific inhibitory control in explaining social network use disorder symptom severity. Social Network Use"
55,Psychometric properties of the matacognition about smartphone use questionnaire (MSUQ) in Chinese College students,NA,NA,,NA,NA,TRUE,FALSE,FALSE,,NA,"they are interested in examining the factor structure, internal consistency, and predictive validity of a Chinese version of the MSUQ. Smartphone Use"
56,Blunted endogenous opioid release following an oral dexamphetamine challenge in abstinent alcohol dependent individuals,NA,NA,,NA,NA,FALSE,FALSE,FALSE,,NA,the study tested whether in alcohol depence there is blunted dexamphetamine induced emdogenous opioid release ad a higher baseline MOR availability. Substance Addiction (Alcohol Depedence)
57,The effects of the presence of others on risky betting in a laboratory gambling task among high risk gamblers: A cross-over randomised controlled trial,NA,NA,,NA,NA,TRUE,TRUE,TRUE,,NA,Not measuring the effectiveness of an intervention or a treatment - they examined the effects of the presence of and cooperation with others for risky betting in a laboratory-based gambling task among high risk gamblers
58,Psychological responses during the COVID-19 outbreak among university students in Bangladesh,NA,NA,,NA,NA,FALSE,FALSE,FALSE,,NA,Not testing and/or measuring the effectivness of an intervention. This is a cross sectional design study. Mental health
59,Cognitive behavioural therapy-based short-term abstinence intervention for problematic social media use: Improved well-being and underlying mechanisms,NA,NA,,NA,NA,FALSE,FALSE,FALSE,,NA,"Also, a mixed method study. Internet use (social media)"
60,Testing the effects of the GLP-1 receptor agonist exenatide on cocaine self-administration and subjective responses in humans with cocaine use disorder,NA,NA,,NA,NA,TRUE,FALSE,FALSE,,NA,Substance Addiction (Cocaine Use Disorder)
61,Effects of the Fyn kinase inhibitor saracatinib on ventral striatal activity during performance of an fMRI monetray incentive delay task in individuals family history positive or negative for alcohol disorder. A pilot randomised trial,NA,NA,,NA,NA,TRUE,FALSE,FALSE,,NA,Substance Addiction (Alcohol Use Disorder)
62,Development and effect of a smartphone overdependence prevention program for university students based on self-determination theory,NA,NA,,NA,NA,FALSE,FALSE,FALSE,,NA,"Although I can understand the language, this article not available in English to my best knowledge."
63,Offering small tangible rewards within social casino games increases in-play bets but does not impact real-money gambling,NA,NA,,NA,NA,FALSE,FALSE,FALSE,,NA,not measuring/testing the effectivness of interventions - the study primarily aimed to investigate whether the offering of rewards (value outside of games) for playing social casino games served as a potential mechanism by which social casino game play may increase future gambling behaviours.
64,Accuracy of diagnostic judgements using ICD-11 vs. ICD-10 diagnostic guidelnes for obssessive-compulsive and related disorders,NA,NA,,NA,NA,FALSE,FALSE,FALSE,,NA,Obsessive-compulsive and related disorder
